provider,lat,lon,num_stops_per_week,score
Bustang,39.59519,-104.89074,2,1
Bustang,39.596,-104.89341,2,1
Bustang,39.5994,-104.89476,2,1
Bustang,39.602,-104.89474,2,1
Bustang,39.60007,-104.89044,2,1
Bustang,39.60131,-104.88799,4,1
Bustang,39.61122,-104.88548,2,1
Bustang,39.61329,-104.88868,2,1
Bustang,39.61492,-104.89446,2,1
Bustang,39.61914,-104.89643,2,1
Bustang,39.61977,-104.89682,2,1
Bustang,39.61731,-104.89618,2,1
Bustang,39.61259,-104.8905,2,1
Bustang,39.61214,-104.88627,2,1
Bustang,39.60081,-104.89013,2,1
Bustang,39.60092,-104.89504,2,1
Bustang,39.59821,-104.89502,2,1
Bustang,39.59492,-104.89295,2,1
Bustang,39.60669,-104.88564,0,0
Bustang,39.60513,-104.88784,2,1
Bustang,39.60629,-104.88817,2,1
Bustang,39.60861,-104.8898,2,1
Bustang,39.60854,-104.89003,2,1
Bustang,39.60673,-104.88841,2,1
Regional Transportation District,39.70747,-104.93288,18,1
Regional Transportation District,39.72547,-104.86997,179,1
Regional Transportation District,39.72565,-104.87095,176,1
Regional Transportation District,39.65602,-104.98775,412,1
Regional Transportation District,39.58082,-105.0473,21,1
Regional Transportation District,39.65327,-104.9613,30,1
Regional Transportation District,39.65294,-104.78157,232,1
Regional Transportation District,39.65294,-104.78395,232,1
Regional Transportation District,39.65558,-104.76476,232,1
Regional Transportation District,39.65287,-104.77179,232,1
Regional Transportation District,39.67765,-104.76969,22,1
Regional Transportation District,39.67757,-104.77064,22,1
Regional Transportation District,39.65294,-104.79067,232,1
Regional Transportation District,39.70874,-104.84731,263,1
Regional Transportation District,39.66131,-104.76465,232,1
Regional Transportation District,39.6583,-104.76442,232,1
Regional Transportation District,39.66809,-104.8471,278,1
Regional Transportation District,39.64218,-105.02477,123,1
Regional Transportation District,39.64341,-105.00441,249,1
Regional Transportation District,39.64077,-105.02992,110,1
Regional Transportation District,39.69408,-104.79092,379,1
Regional Transportation District,39.67537,-104.8203,218,1
Regional Transportation District,39.61332,-104.99193,126,1
Regional Transportation District,39.61333,-104.98869,126,1
Regional Transportation District,39.61313,-104.99114,127,1
Regional Transportation District,39.72682,-104.82822,176,1
Regional Transportation District,39.65297,-104.8095,232,1
Regional Transportation District,39.65295,-104.80274,232,1
Regional Transportation District,39.65294,-104.79543,232,1
Regional Transportation District,39.65295,-104.79892,232,1
Regional Transportation District,39.64951,-104.79142,155,1
Regional Transportation District,39.65251,-104.79134,155,1
Regional Transportation District,39.64771,-104.79145,155,1
Regional Transportation District,39.68774,-104.81937,211,1
Regional Transportation District,39.68238,-104.81921,218,1
Regional Transportation District,39.7012,-104.81917,442,1
Regional Transportation District,39.70063,-104.81944,433,1
Regional Transportation District,39.67489,-104.86643,211,1
Regional Transportation District,39.6604,-104.85862,54,1
Regional Transportation District,39.65319,-104.80346,229,1
Regional Transportation District,39.59273,-104.83569,170,1
Regional Transportation District,39.58575,-104.83566,170,1
Regional Transportation District,39.60553,-105.01621,36,1
Regional Transportation District,39.70046,-104.78194,232,1
Regional Transportation District,39.70859,-104.81856,28,1
Regional Transportation District,39.63291,-104.81083,122,1
Regional Transportation District,39.72573,-104.82012,28,1
Regional Transportation District,39.72567,-104.81086,28,1
Regional Transportation District,39.7159,-104.81948,351,1
Regional Transportation District,39.63937,-105.02524,109,1
Regional Transportation District,39.64199,-105.02546,105,1
Regional Transportation District,39.63781,-105.02524,109,1
Regional Transportation District,39.63853,-105.02549,105,1
Regional Transportation District,39.63694,-105.02547,105,1
Regional Transportation District,39.6336,-105.02552,105,1
Regional Transportation District,39.62854,-105.02557,105,1
Regional Transportation District,39.62198,-105.02709,105,1
Regional Transportation District,39.6337,-105.02524,109,1
Regional Transportation District,39.67931,-104.76785,22,1
Regional Transportation District,39.7255,-104.86142,179,1
Regional Transportation District,39.72572,-104.8622,176,1
Regional Transportation District,39.60972,-104.81045,249,1
Regional Transportation District,39.69571,-104.89624,244,1
Regional Transportation District,39.67137,-104.86646,244,1
Regional Transportation District,39.66345,-104.85811,244,1
Regional Transportation District,39.59392,-104.96588,122,1
Regional Transportation District,39.67512,-104.87109,244,1
Regional Transportation District,39.5908,-104.96548,222,1
Regional Transportation District,39.59126,-104.96565,122,1
Regional Transportation District,39.68964,-104.88972,244,1
Regional Transportation District,39.711,-104.85712,105,1
Regional Transportation District,39.71112,-104.93529,98,1
Regional Transportation District,39.71677,-104.79624,38,1
Regional Transportation District,39.67609,-104.78703,22,1
Regional Transportation District,39.67419,-104.81006,235,1
Regional Transportation District,39.69883,-104.81002,235,1
Regional Transportation District,39.72845,-104.81012,249,1
Regional Transportation District,39.73095,-104.81014,249,1
Regional Transportation District,39.72505,-104.81051,249,1
Regional Transportation District,39.70075,-104.81005,235,1
Regional Transportation District,39.70338,-104.81008,235,1
Regional Transportation District,39.74003,-104.79066,385,1
Regional Transportation District,39.59097,-104.98818,220,1
Regional Transportation District,39.63828,-104.98796,245,1
Regional Transportation District,39.70776,-104.94054,426,1
Regional Transportation District,39.58074,-105.02621,42,1
Regional Transportation District,39.61175,-104.74461,90,1
Regional Transportation District,39.60195,-104.88093,170,1
Regional Transportation District,39.6024,-104.88118,177,1
Regional Transportation District,39.70478,-104.78048,13,1
Regional Transportation District,39.5832,-104.98854,269,1
Regional Transportation District,39.66764,-104.84352,244,1
Regional Transportation District,39.66749,-104.84276,245,1
Regional Transportation District,39.69591,-104.83328,167,1
Regional Transportation District,39.65572,-104.99344,943,2
Regional Transportation District,39.65604,-104.79129,155,1
Regional Transportation District,39.6981,-104.93411,115,1
Regional Transportation District,39.72467,-104.82839,179,1
Regional Transportation District,39.65463,-104.98628,267,1
Regional Transportation District,39.74004,-104.82719,904,2
Regional Transportation District,39.66765,-104.79154,222,1
Regional Transportation District,39.66764,-104.79569,222,1
Regional Transportation District,39.65997,-104.79096,155,1
Regional Transportation District,39.66369,-104.79092,155,1
Regional Transportation District,39.66329,-104.81011,235,1
Regional Transportation District,39.66024,-104.81012,235,1
Regional Transportation District,39.66764,-104.80172,222,1
Regional Transportation District,39.66717,-104.80702,222,1
Regional Transportation District,39.69649,-104.79329,222,1
Regional Transportation District,39.65714,-104.81013,235,1
Regional Transportation District,39.72575,-104.8315,28,1
Regional Transportation District,39.69649,-104.79598,222,1
Regional Transportation District,39.65323,-104.9803,267,1
Regional Transportation District,39.65297,-104.81628,232,1
Regional Transportation District,39.65296,-104.81361,232,1
Regional Transportation District,39.65297,-104.81942,232,1
Regional Transportation District,39.65225,-104.80984,234,1
Regional Transportation District,39.6093,-104.74561,300,1
Regional Transportation District,39.69386,-104.79123,377,1
Regional Transportation District,39.74002,-104.76255,255,1
Regional Transportation District,39.67595,-104.7912,377,1
Regional Transportation District,39.61574,-104.98784,232,1
Regional Transportation District,39.61634,-104.98819,245,1
Regional Transportation District,39.63863,-104.81669,90,1
Regional Transportation District,39.6384,-104.81594,90,1
Regional Transportation District,39.63862,-104.79565,90,1
Regional Transportation District,39.63842,-104.82142,90,1
Regional Transportation District,39.71104,-104.85029,105,1
Regional Transportation District,39.71126,-104.85109,106,1
Regional Transportation District,39.65312,-104.98804,72,1
Regional Transportation District,39.6676,-104.93067,76,1
Regional Transportation District,39.7166,-104.79624,14,1
Regional Transportation District,39.64342,-105.00454,0,0
Regional Transportation District,39.63113,-104.80638,120,1
Regional Transportation District,39.59492,-104.92949,122,1
Regional Transportation District,39.69652,-104.93679,169,1
Regional Transportation District,39.63223,-104.80959,120,1
Regional Transportation District,39.70798,-104.818,429,1
Regional Transportation District,39.70798,-104.81824,334,1
Regional Transportation District,39.69664,-104.9371,169,1
Regional Transportation District,39.63533,-104.81855,120,1
Regional Transportation District,39.70858,-104.81835,461,1
Regional Transportation District,39.74005,-104.8713,513,1
Regional Transportation District,39.57874,-105.02459,24,1
Regional Transportation District,39.57859,-105.02643,119,1
Regional Transportation District,39.66721,-104.84743,507,1
Regional Transportation District,39.6009,-104.88741,175,1
Regional Transportation District,39.57083,-104.96027,89,1
Regional Transportation District,39.57432,-104.96026,89,1
Regional Transportation District,39.57357,-104.96052,95,1
Regional Transportation District,39.58004,-104.96051,95,1
Regional Transportation District,39.57687,-104.96049,95,1
Regional Transportation District,39.66751,-104.83374,245,1
Regional Transportation District,39.66768,-104.83379,244,1
Regional Transportation District,39.6423,-105.01063,126,1
Regional Transportation District,39.64217,-105.01159,123,1
Regional Transportation District,39.73635,-104.79137,155,1
Regional Transportation District,39.72937,-104.79134,155,1
Regional Transportation District,39.73262,-104.79135,155,1
Regional Transportation District,39.66752,-104.828,245,1
Regional Transportation District,39.59523,-104.97062,135,1
Regional Transportation District,39.59514,-104.93018,120,1
Regional Transportation District,39.59522,-104.97345,135,1
Regional Transportation District,39.59522,-104.94967,120,1
Regional Transportation District,39.59502,-104.96961,137,1
Regional Transportation District,39.59492,-104.92783,122,1
Regional Transportation District,39.59518,-104.92696,120,1
Regional Transportation District,39.6781,-104.84744,263,1
Regional Transportation District,39.71872,-104.86608,318,1
Regional Transportation District,39.67869,-104.84709,278,1
Regional Transportation District,39.69302,-104.8657,329,1
Regional Transportation District,39.59501,-104.98846,233,1
Regional Transportation District,39.59577,-104.98812,355,1
Regional Transportation District,39.59502,-104.96465,51,1
Regional Transportation District,39.71128,-104.82879,106,1
Regional Transportation District,39.65624,-104.98754,419,1
Regional Transportation District,39.5949,-104.84855,170,1
Regional Transportation District,39.59487,-104.85911,170,1
Regional Transportation District,39.60132,-104.88749,0,0
Regional Transportation District,39.74004,-104.86622,904,2
Regional Transportation District,39.71905,-104.80186,67,1
Regional Transportation District,39.71899,-104.80209,14,1
Regional Transportation District,39.62224,-104.7821,120,1
Regional Transportation District,39.61313,-104.99872,127,1
Regional Transportation District,39.61332,-104.99947,126,1
Regional Transportation District,39.57339,-105.00032,24,1
Regional Transportation District,39.67488,-104.83739,218,1
Regional Transportation District,39.62691,-104.7489,90,1
Regional Transportation District,39.67488,-104.85177,211,1
Regional Transportation District,39.7328,-104.86998,30,1
Regional Transportation District,39.68019,-104.81921,218,1
Regional Transportation District,39.67977,-104.81938,211,1
Regional Transportation District,39.69701,-104.81907,442,1
Regional Transportation District,39.69608,-104.81934,211,1
Regional Transportation District,39.69334,-104.81918,218,1
Regional Transportation District,39.69768,-104.81937,211,1
Regional Transportation District,39.59516,-104.89857,120,1
Regional Transportation District,39.59496,-104.94947,122,1
Regional Transportation District,39.59495,-104.98686,137,1
Regional Transportation District,39.7163,-104.79102,155,1
Regional Transportation District,39.64782,-105.00049,123,1
Regional Transportation District,39.65333,-105.02586,104,1
Regional Transportation District,39.6532,-104.97392,195,1
Regional Transportation District,39.70442,-104.94048,316,1
Regional Transportation District,39.71225,-104.86481,15,1
Regional Transportation District,39.64937,-104.99885,123,1
Regional Transportation District,39.64948,-104.99889,123,1
Regional Transportation District,39.64431,-105.00053,123,1
Regional Transportation District,39.64735,-105.00064,123,1
Regional Transportation District,39.5734,-105.00702,24,1
Regional Transportation District,39.71894,-104.81926,344,1
Regional Transportation District,39.71872,-104.81948,351,1
Regional Transportation District,39.6814,-104.81941,211,1
Regional Transportation District,39.59634,-104.88102,170,1
Regional Transportation District,39.69643,-104.86463,168,1
Regional Transportation District,39.69645,-104.86796,168,1
Regional Transportation District,39.71094,-104.86448,98,1
Regional Transportation District,39.69667,-104.93202,169,1
Regional Transportation District,39.69667,-104.93436,169,1
Regional Transportation District,39.56864,-104.98839,243,1
Regional Transportation District,39.56768,-104.9887,257,1
Regional Transportation District,39.6912,-104.83195,167,1
Regional Transportation District,39.69132,-104.83208,167,1
Regional Transportation District,39.59776,-104.88877,122,1
Regional Transportation District,39.58041,-105.02481,605,2
Regional Transportation District,39.61113,-104.81095,250,1
Regional Transportation District,39.61454,-104.81448,234,1
Regional Transportation District,39.62073,-104.81027,234,1
Regional Transportation District,39.63222,-104.81014,234,1
Regional Transportation District,39.63501,-104.81014,234,1
Regional Transportation District,39.63432,-104.81053,235,1
Regional Transportation District,39.73293,-104.86054,31,1
Regional Transportation District,39.66862,-104.77233,232,1
Regional Transportation District,39.5958,-104.88879,122,1
Regional Transportation District,39.68069,-104.77357,22,1
Regional Transportation District,39.66055,-105.01495,127,1
Regional Transportation District,39.67848,-104.78194,22,1
Regional Transportation District,39.59039,-104.98847,269,1
Regional Transportation District,39.61374,-105.01491,126,1
Regional Transportation District,39.72891,-104.80985,248,1
Regional Transportation District,39.72602,-104.81024,248,1
Regional Transportation District,39.59212,-104.96003,211,1
Regional Transportation District,39.71872,-104.80964,248,1
Regional Transportation District,39.70909,-104.80985,262,1
Regional Transportation District,39.60044,-104.88854,1028,2
Regional Transportation District,39.61387,-104.89635,1028,2
Regional Transportation District,39.65734,-104.84558,957,2
Regional Transportation District,39.57933,-104.87696,1028,2
Regional Transportation District,39.64274,-104.87843,957,2
Regional Transportation District,39.712,-104.84711,278,1
Regional Transportation District,39.599,-104.88102,170,1
Regional Transportation District,39.59913,-104.88065,177,1
Regional Transportation District,39.60088,-104.88719,223,1
Regional Transportation District,39.70778,-104.80329,239,1
Regional Transportation District,39.70758,-104.80345,235,1
Regional Transportation District,39.60873,-104.74699,122,1
Regional Transportation District,39.60469,-104.70652,242,1
Regional Transportation District,39.65346,-104.76358,232,1
Regional Transportation District,39.65314,-104.7642,229,1
Regional Transportation District,39.639,-104.81008,234,1
Regional Transportation District,39.69418,-104.83727,167,1
Regional Transportation District,39.69242,-104.83131,167,1
Regional Transportation District,39.69249,-104.83115,167,1
Regional Transportation District,39.69268,-104.83427,167,1
Regional Transportation District,39.69308,-104.83479,167,1
Regional Transportation District,39.65318,-104.98192,267,1
Regional Transportation District,39.65307,-104.98035,187,1
Regional Transportation District,39.65318,-104.97606,72,1
Regional Transportation District,39.59049,-104.98905,36,1
Regional Transportation District,39.63438,-104.81518,122,1
Regional Transportation District,39.63912,-104.98767,232,1
Regional Transportation District,39.65524,-104.99855,144,1
Regional Transportation District,39.64909,-105.02539,105,1
Regional Transportation District,39.70745,-104.93587,110,1
Regional Transportation District,39.69647,-104.81455,222,1
Regional Transportation District,39.69644,-104.88184,168,1
Regional Transportation District,39.67424,-104.78601,22,1
Regional Transportation District,39.67847,-104.78476,22,1
Regional Transportation District,39.70843,-104.81817,248,1
Regional Transportation District,39.70859,-104.81808,446,1
Regional Transportation District,39.70797,-104.81848,355,1
Regional Transportation District,39.70815,-104.81807,249,1
Regional Transportation District,39.70814,-104.81842,211,1
Regional Transportation District,39.70842,-104.81855,695,2
Regional Transportation District,39.63685,-104.88502,206,1
Regional Transportation District,39.63373,-104.88506,206,1
Regional Transportation District,39.59829,-104.88906,120,1
Regional Transportation District,39.63173,-104.88508,206,1
Regional Transportation District,39.73291,-104.87022,31,1
Regional Transportation District,39.73276,-104.88008,30,1
Regional Transportation District,39.7329,-104.87594,31,1
Regional Transportation District,39.7328,-104.87495,30,1
Regional Transportation District,39.59023,-104.83582,170,1
Regional Transportation District,39.59028,-104.83565,177,1
Regional Transportation District,39.6605,-105.00283,127,1
Regional Transportation District,39.66054,-105.01156,127,1
Regional Transportation District,39.68172,-104.90361,194,1
Regional Transportation District,39.57334,-104.98439,36,1
Regional Transportation District,39.5776,-104.98054,36,1
Regional Transportation District,39.6386,-104.80852,90,1
Regional Transportation District,39.63845,-104.82667,210,1
Regional Transportation District,39.63868,-104.82642,212,1
Regional Transportation District,39.63861,-104.81229,90,1
Regional Transportation District,39.61035,-105.01878,432,1
Regional Transportation District,39.69747,-104.93395,110,1
Regional Transportation District,39.69679,-104.93412,115,1
Regional Transportation District,39.70048,-104.93408,110,1
Regional Transportation District,39.69998,-104.93422,115,1
Regional Transportation District,39.70329,-104.93423,115,1
Regional Transportation District,39.70352,-104.93408,110,1
Regional Transportation District,39.59505,-104.9815,137,1
Regional Transportation District,39.5952,-104.98246,135,1
Regional Transportation District,39.59521,-104.97938,135,1
Regional Transportation District,39.59495,-104.91538,122,1
Regional Transportation District,39.59513,-104.91603,120,1
Regional Transportation District,39.59498,-104.98469,137,1
Regional Transportation District,39.59518,-104.98563,135,1
Regional Transportation District,39.59506,-104.97946,137,1
Regional Transportation District,39.5949,-104.90327,122,1
Regional Transportation District,39.58053,-104.96919,36,1
Regional Transportation District,39.73313,-104.86578,329,1
Regional Transportation District,39.73312,-104.86593,318,1
Regional Transportation District,39.58076,-104.9626,36,1
Regional Transportation District,39.68058,-104.77228,232,1
Regional Transportation District,39.68117,-104.77261,229,1
Regional Transportation District,39.61258,-105.01525,127,1
Regional Transportation District,39.61731,-104.76913,122,1
Regional Transportation District,39.61668,-104.76828,120,1
Regional Transportation District,39.74003,-104.83643,904,2
Regional Transportation District,39.71828,-104.80734,14,1
Regional Transportation District,39.69671,-104.85019,167,1
Regional Transportation District,39.69672,-104.79685,224,1
Regional Transportation District,39.64052,-104.81006,234,1
Regional Transportation District,39.70289,-104.81948,433,1
Regional Transportation District,39.63683,-104.76314,90,1
Regional Transportation District,39.61786,-104.79177,139,1
Regional Transportation District,39.62196,-104.79175,139,1
Regional Transportation District,39.64435,-104.77078,90,1
Regional Transportation District,39.64214,-104.76606,90,1
Regional Transportation District,39.64241,-104.76617,90,1
Regional Transportation District,39.60032,-104.95759,89,1
Regional Transportation District,39.59979,-104.95754,95,1
Regional Transportation District,39.73286,-104.84988,30,1
Regional Transportation District,39.73294,-104.85694,31,1
Regional Transportation District,39.73283,-104.86006,30,1
Regional Transportation District,39.73285,-104.85463,30,1
Regional Transportation District,39.73295,-104.8545,31,1
Regional Transportation District,39.65293,-104.77692,232,1
Regional Transportation District,39.58562,-104.82121,170,1
Regional Transportation District,39.58568,-104.82142,177,1
Regional Transportation District,39.65325,-104.77779,229,1
Regional Transportation District,39.62021,-104.81055,235,1
Regional Transportation District,39.61579,-104.8137,235,1
Regional Transportation District,39.62353,-104.81053,235,1
Regional Transportation District,39.62382,-104.78614,120,1
Regional Transportation District,39.6245,-104.78786,120,1
Regional Transportation District,39.62568,-104.79081,120,1
Regional Transportation District,39.68228,-104.76043,22,1
Regional Transportation District,39.68214,-104.76266,2,1
Regional Transportation District,39.69299,-104.77277,229,1
Regional Transportation District,39.69312,-104.77284,232,1
Regional Transportation District,39.66201,-104.84709,523,1
Regional Transportation District,39.64707,-104.77303,90,1
Regional Transportation District,39.62872,-104.81047,235,1
Regional Transportation District,39.63062,-104.80418,122,1
Regional Transportation District,39.68938,-104.87975,244,1
Regional Transportation District,39.62913,-104.81016,234,1
Regional Transportation District,39.64697,-104.7728,90,1
Regional Transportation District,39.63111,-104.81016,234,1
Regional Transportation District,39.63199,-104.81046,235,1
Regional Transportation District,39.73281,-104.86554,30,1
Regional Transportation District,39.73291,-104.8656,31,1
Regional Transportation District,39.71988,-104.80332,14,1
Regional Transportation District,39.71741,-104.79895,14,1
Regional Transportation District,39.57901,-105.02452,23,1
Regional Transportation District,39.56635,-105.02984,22,1
Regional Transportation District,39.7092,-104.81475,497,1
Regional Transportation District,39.69474,-104.8392,167,1
Regional Transportation District,39.74007,-104.84176,513,1
Regional Transportation District,39.69676,-104.80241,224,1
Regional Transportation District,39.69645,-104.86117,167,1
Regional Transportation District,39.69648,-104.80254,222,1
Regional Transportation District,39.60507,-104.72946,120,1
Regional Transportation District,39.60754,-104.74371,120,1
Regional Transportation District,39.62085,-104.77799,122,1
Regional Transportation District,39.60576,-104.73007,122,1
Regional Transportation District,39.60128,-104.72326,122,1
Regional Transportation District,39.62244,-104.79144,140,1
Regional Transportation District,39.61851,-104.79152,140,1
Regional Transportation District,39.70632,-104.79018,6,1
Regional Transportation District,39.73639,-104.81932,344,1
Regional Transportation District,39.59511,-104.79795,441,1
Regional Transportation District,39.66712,-104.80679,224,1
Regional Transportation District,39.60337,-104.96019,95,1
Regional Transportation District,39.64301,-104.95962,95,1
Regional Transportation District,39.64407,-104.95935,89,1
Regional Transportation District,39.71122,-104.85769,106,1
Regional Transportation District,39.58816,-104.98821,256,1
Regional Transportation District,39.57614,-104.98723,36,1
Regional Transportation District,39.57671,-104.98078,36,1
Regional Transportation District,39.5807,-104.9768,36,1
Regional Transportation District,39.7213,-104.86608,318,1
Regional Transportation District,39.72526,-104.86608,318,1
Regional Transportation District,39.69278,-104.81001,235,1
Regional Transportation District,39.68527,-104.81005,235,1
Regional Transportation District,39.67526,-104.80977,234,1
Regional Transportation District,39.6849,-104.80975,234,1
Regional Transportation District,39.69614,-104.81,235,1
Regional Transportation District,39.62571,-104.79166,139,1
Regional Transportation District,39.57352,-105.01138,23,1
Regional Transportation District,39.57318,-105.01109,24,1
Regional Transportation District,39.66695,-104.8932,182,1
Regional Transportation District,39.67078,-104.81061,222,1
Regional Transportation District,39.60037,-105.01594,36,1
Regional Transportation District,39.60058,-105.01606,36,1
Regional Transportation District,39.59158,-104.99831,36,1
Regional Transportation District,39.74006,-104.84586,904,2
Regional Transportation District,39.56863,-104.96028,89,1
Regional Transportation District,39.73409,-104.8284,179,1
Regional Transportation District,39.73154,-104.82841,179,1
Regional Transportation District,39.7276,-104.82841,179,1
Regional Transportation District,39.74,-104.77153,334,1
Regional Transportation District,39.73247,-104.8473,293,1
Regional Transportation District,39.6246,-104.98779,232,1
Regional Transportation District,39.66463,-104.98747,410,1
Regional Transportation District,39.6638,-104.98773,402,1
Regional Transportation District,39.60337,-104.988,355,1
Regional Transportation District,39.62719,-104.7952,135,1
Regional Transportation District,39.59684,-104.95874,95,1
Regional Transportation District,39.65688,-104.95955,95,1
Regional Transportation District,39.62907,-104.80049,120,1
Regional Transportation District,39.71128,-104.8381,106,1
Regional Transportation District,39.71128,-104.84268,106,1
Regional Transportation District,39.67511,-104.8658,329,1
Regional Transportation District,39.68981,-104.86578,329,1
Regional Transportation District,39.68908,-104.86609,318,1
Regional Transportation District,39.67867,-104.86577,329,1
Regional Transportation District,39.67809,-104.86609,318,1
Regional Transportation District,39.70485,-104.86582,329,1
Regional Transportation District,39.70425,-104.86612,318,1
Regional Transportation District,39.6243,-104.81019,234,1
Regional Transportation District,39.62682,-104.79137,155,1
Regional Transportation District,39.64183,-104.81032,235,1
Regional Transportation District,39.63813,-104.8104,235,1
Regional Transportation District,39.65067,-104.81015,235,1
Regional Transportation District,39.65272,-104.8101,235,1
Regional Transportation District,39.59807,-104.79996,915,2
Regional Transportation District,39.61022,-105.0196,300,1
Regional Transportation District,39.5734,-105.00424,24,1
Regional Transportation District,39.69329,-104.77783,232,1
Regional Transportation District,39.73994,-104.80958,230,1
Regional Transportation District,39.58056,-105.05106,22,1
Regional Transportation District,39.57291,-104.98863,257,1
Regional Transportation District,39.67467,-104.89512,218,1
Regional Transportation District,39.67497,-104.90067,211,1
Regional Transportation District,39.67495,-104.89746,211,1
Regional Transportation District,39.74005,-104.85347,904,2
Regional Transportation District,39.74005,-104.85078,513,1
Regional Transportation District,39.65319,-104.79205,229,1
Regional Transportation District,39.65317,-104.79677,229,1
Regional Transportation District,39.6532,-104.80762,229,1
Regional Transportation District,39.6532,-104.81344,229,1
Regional Transportation District,39.65321,-104.81728,229,1
Regional Transportation District,39.65321,-104.82044,229,1
Regional Transportation District,39.65321,-104.82712,229,1
Regional Transportation District,39.70437,-104.8471,278,1
Regional Transportation District,39.70928,-104.84712,278,1
Regional Transportation District,39.6614,-104.84742,507,1
Regional Transportation District,39.72946,-104.84713,309,1
Regional Transportation District,39.67707,-104.87347,244,1
Regional Transportation District,39.73939,-104.84686,278,1
Regional Transportation District,39.7395,-104.84717,263,1
Regional Transportation District,39.67468,-104.87933,248,1
Regional Transportation District,39.67492,-104.81046,22,1
Regional Transportation District,39.67494,-104.81574,22,1
Regional Transportation District,39.6747,-104.81496,22,1
Regional Transportation District,39.59515,-104.89398,120,1
Regional Transportation District,39.68069,-104.77289,22,1
Regional Transportation District,39.67687,-104.77261,229,1
Regional Transportation District,39.67352,-104.7903,22,1
Regional Transportation District,39.67427,-104.78588,22,1
Regional Transportation District,39.67468,-104.80881,22,1
Regional Transportation District,39.67443,-104.80642,22,1
Regional Transportation District,39.67838,-104.78118,22,1
Regional Transportation District,39.67958,-104.77566,22,1
Regional Transportation District,39.67626,-104.78676,22,1
Regional Transportation District,39.67836,-104.78479,22,1
Regional Transportation District,39.73308,-104.81946,351,1
Regional Transportation District,39.73809,-104.81933,344,1
Regional Transportation District,39.73808,-104.81951,351,1
Regional Transportation District,39.73637,-104.81949,351,1
Regional Transportation District,39.61082,-105.01585,127,1
Regional Transportation District,39.61131,-105.01604,429,1
Regional Transportation District,39.61358,-104.9879,232,1
Regional Transportation District,39.57364,-105.00344,23,1
Regional Transportation District,39.66044,-105.02126,131,1
Regional Transportation District,39.59516,-104.8766,177,1
Regional Transportation District,39.66974,-104.81011,459,1
Regional Transportation District,39.67092,-104.80975,234,1
Regional Transportation District,39.63026,-104.79165,155,1
Regional Transportation District,39.6386,-104.80562,90,1
Regional Transportation District,39.61334,-105.00471,126,1
Regional Transportation District,39.61315,-105.00319,127,1
Regional Transportation District,39.61333,-105.00761,126,1
Regional Transportation District,39.61313,-104.9951,127,1
Regional Transportation District,39.61332,-104.99554,126,1
Regional Transportation District,39.57906,-104.87678,1132,2
Regional Transportation District,39.65755,-104.8451,1005,2
Regional Transportation District,39.61338,-104.89608,1132,2
Regional Transportation District,39.63514,-104.9595,89,1
Regional Transportation District,39.72218,-104.84734,263,1
Regional Transportation District,39.68271,-104.76284,24,1
Regional Transportation District,39.68431,-104.76283,24,1
Regional Transportation District,39.74001,-104.77739,385,1
Regional Transportation District,39.60094,-104.88764,279,1
Regional Transportation District,39.65648,-104.99924,246,1
Regional Transportation District,39.66747,-104.84653,245,1
Regional Transportation District,39.58082,-105.02566,242,1
Regional Transportation District,39.69438,-104.83728,167,1
Regional Transportation District,39.65652,-104.97359,165,1
Regional Transportation District,39.65701,-104.97346,157,1
Regional Transportation District,39.65342,-104.97348,157,1
Regional Transportation District,39.70802,-104.93645,119,1
Regional Transportation District,39.65333,-104.9681,30,1
Regional Transportation District,39.65307,-104.96725,30,1
Regional Transportation District,39.65321,-104.988,72,1
Regional Transportation District,39.65319,-104.98566,267,1
Regional Transportation District,39.68222,-104.76042,24,1
Regional Transportation District,39.74005,-104.85833,513,1
Regional Transportation District,39.65998,-104.84723,523,1
Regional Transportation District,39.71308,-104.84732,263,1
Regional Transportation District,39.68591,-104.84712,278,1
Regional Transportation District,39.69261,-104.84726,263,1
Regional Transportation District,39.7137,-104.84714,278,1
Regional Transportation District,39.6959,-104.84727,263,1
Regional Transportation District,39.68545,-104.84731,263,1
Regional Transportation District,39.69706,-104.84706,278,1
Regional Transportation District,39.67466,-104.87006,218,1
Regional Transportation District,39.67469,-104.84686,218,1
Regional Transportation District,39.67483,-104.87158,211,1
Regional Transportation District,39.67496,-104.8209,233,1
Regional Transportation District,39.67491,-104.84779,211,1
Regional Transportation District,39.67477,-104.90073,218,1
Regional Transportation District,39.62547,-105.02559,105,1
Regional Transportation District,39.62347,-105.02564,105,1
Regional Transportation District,39.61725,-105.02767,109,1
Regional Transportation District,39.61715,-105.02794,105,1
Regional Transportation District,39.6129,-105.0277,109,1
Regional Transportation District,39.62012,-105.02764,109,1
Regional Transportation District,39.62771,-105.02529,109,1
Regional Transportation District,39.61961,-105.02793,105,1
Regional Transportation District,39.66437,-104.76766,232,1
Regional Transportation District,39.66564,-104.77096,232,1
Regional Transportation District,39.67245,-104.77231,232,1
Regional Transportation District,39.67687,-104.77231,232,1
Regional Transportation District,39.64453,-104.77052,90,1
Regional Transportation District,39.63895,-104.76308,90,1
Regional Transportation District,39.64059,-104.76343,90,1
Regional Transportation District,39.61036,-105.0175,432,1
Regional Transportation District,39.59078,-104.98878,36,1
Regional Transportation District,39.67501,-104.84292,211,1
Regional Transportation District,39.74005,-104.78679,385,1
Regional Transportation District,39.59479,-104.80941,170,1
Regional Transportation District,39.73684,-104.86578,329,1
Regional Transportation District,39.7362,-104.86591,318,1
Regional Transportation District,39.71846,-104.80764,14,1
Regional Transportation District,39.71979,-104.8042,14,1
Regional Transportation District,39.58053,-104.97718,36,1
Regional Transportation District,39.63903,-104.91387,26,1
Regional Transportation District,39.6967,-104.85805,167,1
Regional Transportation District,39.64409,-104.92037,26,1
Regional Transportation District,39.64286,-104.91887,26,1
Regional Transportation District,39.69673,-104.79963,224,1
Regional Transportation District,39.59872,-105.01217,36,1
Regional Transportation District,39.71135,-104.82476,106,1
Regional Transportation District,39.69672,-104.79278,224,1
Regional Transportation District,39.59487,-104.88035,170,1
Regional Transportation District,39.72557,-104.83083,26,1
Regional Transportation District,39.66749,-104.8248,224,1
Regional Transportation District,39.69648,-104.84347,167,1
Regional Transportation District,39.5779,-105.01833,23,1
Regional Transportation District,39.57747,-105.01764,24,1
Regional Transportation District,39.65281,-104.98776,245,1
Regional Transportation District,39.67689,-104.84709,278,1
Regional Transportation District,39.6764,-104.84741,263,1
Regional Transportation District,39.59645,-105.00771,36,1
Regional Transportation District,39.711,-104.82253,284,1
Regional Transportation District,39.58416,-104.8313,177,1
Regional Transportation District,39.59281,-104.8355,177,1
Regional Transportation District,39.58612,-104.83548,177,1
Regional Transportation District,39.58409,-104.83148,170,1
Regional Transportation District,39.68922,-104.8853,244,1
Regional Transportation District,39.68922,-104.88857,244,1
Regional Transportation District,39.6892,-104.878,244,1
Regional Transportation District,39.65297,-104.82718,232,1
Regional Transportation District,39.70321,-104.78308,7,1
Regional Transportation District,39.73436,-104.83062,176,1
Regional Transportation District,39.65765,-104.80981,234,1
Regional Transportation District,39.66967,-104.8648,244,1
Regional Transportation District,39.64766,-104.82876,228,1
Regional Transportation District,39.65979,-104.85164,298,1
Regional Transportation District,39.63129,-104.82628,14,1
Regional Transportation District,39.62465,-104.82205,14,1
Regional Transportation District,39.72544,-104.80002,26,1
Regional Transportation District,39.70734,-104.93949,115,1
Regional Transportation District,39.70673,-104.93354,115,1
Regional Transportation District,39.70735,-104.93504,172,1
Regional Transportation District,39.63519,-104.98772,232,1
Regional Transportation District,39.63468,-104.98801,245,1
Regional Transportation District,39.59257,-104.98844,233,1
Regional Transportation District,39.58419,-104.82455,170,1
Regional Transportation District,39.58595,-104.81726,170,1
Regional Transportation District,39.58684,-104.81609,170,1
Regional Transportation District,39.58953,-104.81764,170,1
Regional Transportation District,39.72559,-104.83509,26,1
Regional Transportation District,39.72573,-104.82883,28,1
Regional Transportation District,39.72562,-104.84642,26,1
Regional Transportation District,39.72562,-104.84283,26,1
Regional Transportation District,39.64268,-105.00055,123,1
Regional Transportation District,39.64219,-105.02028,123,1
Regional Transportation District,39.64218,-105.02244,123,1
Regional Transportation District,39.64211,-105.00364,123,1
Regional Transportation District,39.60971,-105.04355,87,1
Regional Transportation District,39.60973,-105.04479,87,1
Regional Transportation District,39.60973,-105.04826,87,1
Regional Transportation District,39.60975,-105.0514,87,1
Regional Transportation District,39.66769,-104.89583,182,1
Regional Transportation District,39.66769,-104.89931,182,1
Regional Transportation District,39.67714,-104.90344,182,1
Regional Transportation District,39.67164,-104.90346,182,1
Regional Transportation District,39.56627,-105.0255,22,1
Regional Transportation District,39.70597,-104.7911,384,1
Regional Transportation District,39.60027,-104.70669,122,1
Regional Transportation District,39.69486,-104.84706,278,1
Regional Transportation District,39.70378,-104.82404,167,1
Regional Transportation District,39.70379,-104.8212,167,1
Regional Transportation District,39.73946,-104.8195,351,1
Regional Transportation District,39.6609,-104.98746,410,1
Regional Transportation District,39.63866,-104.82217,90,1
Regional Transportation District,39.69648,-104.80832,222,1
Regional Transportation District,39.69674,-104.81045,224,1
Regional Transportation District,39.72548,-104.82096,26,1
Regional Transportation District,39.59268,-104.8399,170,1
Regional Transportation District,39.61731,-104.98784,232,1
Regional Transportation District,39.60209,-104.71701,120,1
Regional Transportation District,39.60243,-104.71765,122,1
Regional Transportation District,39.59957,-104.71076,120,1
Regional Transportation District,39.60035,-104.71182,122,1
Regional Transportation District,39.65835,-104.91303,168,1
Regional Transportation District,39.65624,-104.91304,168,1
Regional Transportation District,39.66004,-104.76489,229,1
Regional Transportation District,39.66014,-104.7647,232,1
Regional Transportation District,39.59653,-105.00757,36,1
Regional Transportation District,39.59451,-104.84058,170,1
Regional Transportation District,39.59792,-104.70506,120,1
Regional Transportation District,39.63566,-104.81874,122,1
Regional Transportation District,39.73774,-104.81018,249,1
Regional Transportation District,39.5918,-104.81936,177,1
Regional Transportation District,39.58881,-104.81761,177,1
Regional Transportation District,39.58623,-104.81695,177,1
Regional Transportation District,39.58428,-104.82562,177,1
Regional Transportation District,39.58428,-104.98823,256,1
Regional Transportation District,39.57359,-104.98898,23,1
Regional Transportation District,39.57366,-104.99798,23,1
Regional Transportation District,39.57365,-105.00774,23,1
Regional Transportation District,39.57338,-104.99741,24,1
Regional Transportation District,39.72547,-104.87491,179,1
Regional Transportation District,39.72579,-104.85088,176,1
Regional Transportation District,39.72567,-104.87579,176,1
Regional Transportation District,39.66769,-104.90242,182,1
Regional Transportation District,39.58056,-105.04685,22,1
Regional Transportation District,39.66026,-104.97343,157,1
Regional Transportation District,39.66384,-104.97356,165,1
Regional Transportation District,39.66445,-104.97342,157,1
Regional Transportation District,39.6601,-104.97357,165,1
Regional Transportation District,39.71207,-104.86444,0,0
Regional Transportation District,39.74005,-104.88381,904,2
Regional Transportation District,39.72299,-104.80975,248,1
Regional Transportation District,39.70068,-104.78048,229,1
Regional Transportation District,39.69753,-104.77789,229,1
Regional Transportation District,39.72283,-104.80999,249,1
Regional Transportation District,39.69691,-104.77772,232,1
Regional Transportation District,39.70084,-104.78045,232,1
Regional Transportation District,39.69697,-104.79093,155,1
Regional Transportation District,39.70064,-104.7908,387,1
Regional Transportation District,39.6905,-104.79083,379,1
Regional Transportation District,39.72988,-104.79104,155,1
Regional Transportation District,39.73312,-104.79106,155,1
Regional Transportation District,39.6421,-105.00357,123,1
Regional Transportation District,39.64266,-105.00054,123,1
Regional Transportation District,39.64197,-104.98791,245,1
Regional Transportation District,39.61028,-104.98789,355,1
Regional Transportation District,39.73149,-104.82823,176,1
Regional Transportation District,39.64589,-104.79017,90,1
Regional Transportation District,39.66724,-104.98773,412,1
Regional Transportation District,39.59809,-104.98837,370,1
Regional Transportation District,39.59831,-104.98807,355,1
Regional Transportation District,39.7398,-104.86594,318,1
Regional Transportation District,39.63671,-104.82083,120,1
Regional Transportation District,39.61082,-104.75265,122,1
Regional Transportation District,39.61024,-104.75192,120,1
Regional Transportation District,39.72952,-104.86579,329,1
Regional Transportation District,39.71188,-104.86579,329,1
Regional Transportation District,39.737,-104.84692,278,1
Regional Transportation District,39.73338,-104.84706,278,1
Regional Transportation District,39.73585,-104.84723,263,1
Regional Transportation District,39.70768,-104.86582,329,1
Regional Transportation District,39.66792,-104.86598,329,1
Regional Transportation District,39.61518,-105.03583,104,1
Regional Transportation District,39.6105,-105.0369,110,1
Regional Transportation District,39.61653,-105.03579,104,1
Regional Transportation District,39.6237,-105.03488,110,1
Regional Transportation District,39.6236,-105.03504,104,1
Regional Transportation District,39.62014,-105.0354,104,1
Regional Transportation District,39.60805,-105.01616,36,1
Regional Transportation District,39.57463,-105.01311,23,1
Regional Transportation District,39.65376,-105.02532,209,1
Regional Transportation District,39.65383,-105.02509,219,1
Regional Transportation District,39.71948,-104.82507,0,0
Regional Transportation District,39.73445,-104.8246,0,0
Regional Transportation District,39.65198,-104.99505,123,1
Regional Transportation District,39.65186,-104.9949,123,1
Regional Transportation District,39.72568,-104.86657,176,1
Regional Transportation District,39.72548,-104.86544,179,1
Regional Transportation District,39.6134,-104.89641,0,0
Regional Transportation District,39.72549,-104.81737,26,1
Regional Transportation District,39.6382,-104.76338,90,1
Regional Transportation District,39.57584,-104.9886,233,1
Regional Transportation District,39.57573,-104.98834,220,1
Regional Transportation District,39.69201,-104.90337,212,1
Regional Transportation District,39.73276,-104.88345,30,1
Regional Transportation District,39.72571,-104.87939,176,1
Regional Transportation District,39.72507,-104.88188,176,1
Regional Transportation District,39.7226,-104.78331,24,1
Regional Transportation District,39.64212,-105.00772,123,1
Regional Transportation District,39.6093,-104.74859,122,1
Regional Transportation District,39.61539,-104.76368,122,1
Regional Transportation District,39.58656,-104.9885,269,1
Regional Transportation District,39.70324,-104.78721,7,1
Regional Transportation District,39.70708,-104.80125,235,1
Regional Transportation District,39.60886,-104.74614,0,0
Regional Transportation District,39.68088,-104.79084,379,1
Regional Transportation District,39.67813,-104.79085,379,1
Regional Transportation District,39.68027,-104.79115,377,1
Regional Transportation District,39.67379,-104.79654,22,1
Regional Transportation District,39.67378,-104.79161,22,1
Regional Transportation District,39.6736,-104.80119,22,1
Regional Transportation District,39.67416,-104.79086,379,1
Regional Transportation District,39.60975,-105.05286,87,1
Regional Transportation District,39.6405,-104.7637,90,1
Regional Transportation District,39.57442,-104.98587,36,1
Regional Transportation District,39.61249,-104.98821,372,1
Regional Transportation District,39.64553,-104.98787,245,1
Regional Transportation District,39.60277,-105.01624,36,1
Regional Transportation District,39.57394,-105.01281,24,1
Regional Transportation District,39.58986,-104.99276,36,1
Regional Transportation District,39.72613,-104.81746,344,1
Regional Transportation District,39.60106,-104.72232,120,1
Regional Transportation District,39.58973,-104.99284,36,1
Regional Transportation District,39.7162,-104.81926,344,1
Regional Transportation District,39.70739,-104.81942,600,2
Regional Transportation District,39.68485,-104.8192,218,1
Regional Transportation District,39.68425,-104.81937,211,1
Regional Transportation District,39.70438,-104.81917,609,2
Regional Transportation District,39.68908,-104.81936,211,1
Regional Transportation District,39.69047,-104.81919,218,1
Regional Transportation District,39.61339,-104.79158,140,1
Regional Transportation District,39.70405,-104.84731,263,1
Regional Transportation District,39.70225,-104.84708,278,1
Regional Transportation District,39.64541,-104.77125,90,1
Regional Transportation District,39.73969,-104.7914,155,1
Regional Transportation District,39.6268,-104.82325,14,1
Regional Transportation District,39.67468,-104.81191,22,1
Regional Transportation District,39.67216,-104.82407,22,1
Regional Transportation District,39.64603,-105.02517,109,1
Regional Transportation District,39.64536,-105.02542,105,1
Regional Transportation District,39.64248,-105.0252,109,1
Regional Transportation District,39.71282,-104.82454,176,1
Regional Transportation District,39.71267,-104.82469,179,1
Regional Transportation District,39.70871,-104.93329,68,1
Regional Transportation District,39.72577,-104.85654,176,1
Regional Transportation District,39.7255,-104.85656,179,1
Regional Transportation District,39.7112,-104.86646,106,1
Regional Transportation District,39.66747,-104.79442,224,1
Regional Transportation District,39.66772,-104.82883,244,1
Regional Transportation District,39.66748,-104.80182,224,1
Regional Transportation District,39.68011,-104.76744,22,1
Regional Transportation District,39.61226,-105.01468,605,2
Regional Transportation District,39.5957,-104.88076,177,1
Regional Transportation District,39.6559,-104.99974,605,2
Regional Transportation District,39.64339,-105.00457,605,2
Regional Transportation District,39.65541,-104.76485,229,1
Regional Transportation District,39.70734,-104.80139,239,1
Regional Transportation District,39.69673,-104.80659,224,1
Regional Transportation District,39.57383,-104.98833,220,1
Regional Transportation District,39.71867,-104.82625,179,1
Regional Transportation District,39.65974,-104.79127,155,1
Regional Transportation District,39.59512,-104.80576,177,1
Regional Transportation District,39.65105,-104.79106,155,1
Regional Transportation District,39.64633,-104.79116,155,1
Regional Transportation District,39.64836,-104.79112,155,1
Regional Transportation District,39.65492,-104.98594,259,1
Regional Transportation District,39.60973,-105.03696,87,1
Regional Transportation District,39.66047,-104.85611,54,1
Regional Transportation District,39.66041,-105.00718,131,1
Regional Transportation District,39.6604,-105.0048,131,1
Regional Transportation District,39.66051,-105.00482,127,1
Regional Transportation District,39.70401,-104.82378,167,1
Regional Transportation District,39.65503,-104.98919,892,2
Regional Transportation District,39.65483,-104.9891,904,2
Regional Transportation District,39.58586,-104.98824,256,1
Regional Transportation District,39.65672,-104.79099,155,1
Regional Transportation District,39.6535,-104.79102,155,1
Regional Transportation District,39.67057,-104.79119,377,1
Regional Transportation District,39.67124,-104.79085,379,1
Regional Transportation District,39.65289,-104.94019,271,1
Regional Transportation District,39.59358,-104.96575,171,1
Regional Transportation District,39.63198,-105.02526,109,1
Regional Transportation District,39.69508,-104.8405,167,1
Regional Transportation District,39.63838,-104.79865,90,1
Regional Transportation District,39.56744,-105.03154,122,1
Regional Transportation District,39.57311,-104.79013,14,1
Regional Transportation District,39.57813,-104.79283,14,1
Regional Transportation District,39.57924,-104.79278,16,1
Regional Transportation District,39.57377,-104.79012,16,1
Regional Transportation District,39.5736,-104.98443,36,1
Regional Transportation District,39.57366,-104.98187,36,1
Regional Transportation District,39.66134,-104.85602,244,1
Regional Transportation District,39.69249,-104.89358,244,1
Regional Transportation District,39.70734,-104.93751,115,1
Regional Transportation District,39.69949,-104.80976,234,1
Regional Transportation District,39.70127,-104.80978,234,1
Regional Transportation District,39.66805,-104.81517,222,1
Regional Transportation District,39.69696,-104.80973,234,1
Regional Transportation District,39.63638,-105.03466,110,1
Regional Transportation District,39.63432,-105.03468,110,1
Regional Transportation District,39.63809,-105.03464,110,1
Regional Transportation District,39.64602,-105.03459,236,1
Regional Transportation District,39.59322,-104.98815,220,1
Regional Transportation District,39.74005,-104.88086,513,1
Regional Transportation District,39.74007,-104.82309,904,2
Regional Transportation District,39.6556,-105.02532,209,1
Regional Transportation District,39.65561,-105.02509,219,1
Regional Transportation District,39.6786,-105.015,156,1
Regional Transportation District,39.71549,-104.86613,318,1
Regional Transportation District,39.72168,-104.86584,329,1
Regional Transportation District,39.57796,-105.02085,24,1
Regional Transportation District,39.72483,-104.86578,329,1
Regional Transportation District,39.67423,-104.87539,30,1
Regional Transportation District,39.6675,-104.82111,224,1
Regional Transportation District,39.59521,-104.9767,135,1
Regional Transportation District,39.59503,-104.96633,137,1
Regional Transportation District,39.59512,-104.90992,120,1
Regional Transportation District,39.5952,-104.92337,120,1
Regional Transportation District,39.59492,-104.92242,122,1
Regional Transportation District,39.59515,-104.91937,120,1
Regional Transportation District,39.59496,-104.9194,122,1
Regional Transportation District,39.595,-104.9756,137,1
Regional Transportation District,39.66033,-105.00017,131,1
Regional Transportation District,39.66056,-105.00001,127,1
Regional Transportation District,39.66522,-104.84706,523,1
Regional Transportation District,39.6274,-104.98808,245,1
Regional Transportation District,39.72646,-104.8471,485,1
Regional Transportation District,39.67432,-104.82415,22,1
Regional Transportation District,39.65551,-104.99966,0,0
Regional Transportation District,39.64368,-104.87865,0,0
Regional Transportation District,39.69648,-104.93884,169,1
Regional Transportation District,39.70748,-104.93396,110,1
Regional Transportation District,39.66933,-104.82596,21,1
Regional Transportation District,39.63838,-104.80851,90,1
Regional Transportation District,39.63854,-105.03067,110,1
Regional Transportation District,39.63861,-104.79962,90,1
Regional Transportation District,39.63838,-104.79504,90,1
Regional Transportation District,39.69617,-104.841,167,1
Regional Transportation District,39.71102,-104.85427,105,1
Regional Transportation District,39.71124,-104.8551,106,1
Regional Transportation District,39.72205,-104.77292,12,1
Regional Transportation District,39.72219,-104.77292,12,1
Regional Transportation District,39.72291,-104.84902,263,1
Regional Transportation District,39.64435,-104.77601,90,1
Regional Transportation District,39.59515,-104.80993,177,1
Regional Transportation District,39.59286,-104.83984,177,1
Regional Transportation District,39.66043,-105.01059,131,1
Regional Transportation District,39.65841,-104.84552,0,0
Regional Transportation District,39.57949,-104.87742,0,0
Regional Transportation District,39.58039,-105.02611,0,0
Regional Transportation District,39.6119,-105.01521,0,0
Regional Transportation District,39.74,-104.81893,479,1
Regional Transportation District,39.73991,-104.81445,479,1
Regional Transportation District,39.74004,-104.87551,904,2
Regional Transportation District,39.59517,-104.87073,177,1
Regional Transportation District,39.60545,-104.78747,140,1
Regional Transportation District,39.60762,-104.79064,140,1
Regional Transportation District,39.71096,-104.86203,105,1
Regional Transportation District,39.61432,-104.79183,139,1
Regional Transportation District,39.61194,-104.79189,139,1
Regional Transportation District,39.74002,-104.77357,230,1
Regional Transportation District,39.6776,-104.90376,194,1
Regional Transportation District,39.66292,-104.79124,155,1
Regional Transportation District,39.69187,-104.79121,377,1
Regional Transportation District,39.6899,-104.7912,377,1
Regional Transportation District,39.67315,-104.79118,377,1
Regional Transportation District,39.66715,-104.7912,155,1
Regional Transportation District,39.69996,-104.79113,155,1
Regional Transportation District,39.69615,-104.79124,377,1
Regional Transportation District,39.71676,-104.79172,38,1
Regional Transportation District,39.71662,-104.7946,14,1
Regional Transportation District,39.66766,-104.83954,244,1
Regional Transportation District,39.66748,-104.83951,245,1
Regional Transportation District,39.66767,-104.83715,244,1
Regional Transportation District,39.66749,-104.83597,245,1
Regional Transportation District,39.59514,-104.93321,120,1
Regional Transportation District,39.59496,-104.93258,122,1
Regional Transportation District,39.59523,-104.94029,120,1
Regional Transportation District,39.59506,-104.94098,122,1
Regional Transportation District,39.59495,-104.93527,122,1
Regional Transportation District,39.59513,-104.93532,120,1
Regional Transportation District,39.59523,-104.9548,120,1
Regional Transportation District,39.59498,-104.95449,122,1
Regional Transportation District,39.72432,-104.79102,163,1
Regional Transportation District,39.71974,-104.79088,163,1
Regional Transportation District,39.71947,-104.79122,192,1
Regional Transportation District,39.72418,-104.79131,192,1
Regional Transportation District,39.72044,-104.80374,25,1
Regional Transportation District,39.71674,-104.79481,12,1
Regional Transportation District,39.72443,-104.80802,25,1
Regional Transportation District,39.59501,-104.97252,137,1
Regional Transportation District,39.71287,-104.81027,263,1
Regional Transportation District,39.67754,-104.79117,377,1
Regional Transportation District,39.62402,-104.90796,182,1
Regional Transportation District,39.71324,-104.80985,262,1
Regional Transportation District,39.73284,-104.85739,30,1
Regional Transportation District,39.72987,-104.8409,176,1
Regional Transportation District,39.69395,-104.80973,234,1
Regional Transportation District,39.6133,-105.0234,306,1
Regional Transportation District,39.60955,-105.04359,91,1
Regional Transportation District,39.6115,-105.02993,195,1
Regional Transportation District,39.60995,-105.03456,197,1
Regional Transportation District,39.60971,-105.03464,195,1
Regional Transportation District,39.61308,-105.02242,300,1
Regional Transportation District,39.67677,-104.88466,30,1
Regional Transportation District,39.67679,-104.88448,30,1
Regional Transportation District,39.68967,-104.90337,212,1
Regional Transportation District,39.62171,-104.98784,232,1
Regional Transportation District,39.71889,-104.82622,176,1
Regional Transportation District,39.71106,-104.84672,105,1
Regional Transportation District,39.61035,-105.0203,306,1
Regional Transportation District,39.70992,-104.93361,342,1
Regional Transportation District,39.6723,-104.86585,329,1
Regional Transportation District,39.7255,-104.82727,26,1
Regional Transportation District,39.66908,-104.92729,1152,2
Regional Transportation District,39.70924,-104.81544,502,1
Regional Transportation District,39.70035,-104.78559,232,1
Regional Transportation District,39.70022,-104.78438,229,1
Regional Transportation District,39.70024,-104.78252,229,1
Regional Transportation District,39.59495,-104.90912,122,1
Regional Transportation District,39.71126,-104.82003,282,1
Regional Transportation District,39.56672,-104.96028,89,1
Regional Transportation District,39.56655,-105.03232,97,1
Regional Transportation District,39.59446,-104.82093,177,1
Regional Transportation District,39.65322,-105.02972,110,1
Regional Transportation District,39.65331,-105.02967,104,1
Regional Transportation District,39.70328,-104.7901,7,1
Regional Transportation District,39.63839,-104.81282,90,1
Regional Transportation District,39.62642,-104.79195,138,1
Regional Transportation District,39.62502,-104.78851,122,1
Regional Transportation District,39.62278,-104.7829,122,1
Regional Transportation District,39.70291,-104.79074,232,1
Regional Transportation District,39.67782,-104.90469,211,1
Regional Transportation District,39.62406,-104.73839,90,1
Regional Transportation District,39.69484,-104.83288,167,1
Regional Transportation District,39.69648,-104.84671,167,1
Regional Transportation District,39.69641,-104.87028,168,1
Regional Transportation District,39.57407,-104.98092,36,1
Regional Transportation District,39.58054,-104.96444,36,1
Regional Transportation District,39.7,-104.82415,167,1
Regional Transportation District,39.70264,-104.8251,167,1
Regional Transportation District,39.71123,-104.86196,106,1
Regional Transportation District,39.69726,-104.82376,167,1
Regional Transportation District,39.69778,-104.82392,167,1
Regional Transportation District,39.70053,-104.82399,167,1
Regional Transportation District,39.67951,-104.77613,22,1
Regional Transportation District,39.70022,-104.79009,229,1
Regional Transportation District,39.70035,-104.78327,232,1
Regional Transportation District,39.72341,-104.84376,278,1
Regional Transportation District,39.72499,-104.85042,263,1
Regional Transportation District,39.72245,-104.8467,278,1
Regional Transportation District,39.72809,-104.84958,5,1
Regional Transportation District,39.72645,-104.85029,4,1
Regional Transportation District,39.59517,-104.84105,177,1
Regional Transportation District,39.7398,-104.7911,15,1
Regional Transportation District,39.7315,-104.80986,248,1
Regional Transportation District,39.73764,-104.80988,248,1
Regional Transportation District,39.58081,-105.05211,21,1
Regional Transportation District,39.66039,-105.00231,131,1
Regional Transportation District,39.57742,-104.96026,89,1
Regional Transportation District,39.67006,-104.84741,263,1
Regional Transportation District,39.66754,-104.91978,77,1
Regional Transportation District,39.73289,-104.83397,179,1
Regional Transportation District,39.73415,-104.83103,179,1
Regional Transportation District,39.59492,-104.89301,122,1
Regional Transportation District,39.59516,-104.90457,120,1
Regional Transportation District,39.59502,-104.95884,122,1
Regional Transportation District,39.72173,-104.8284,179,1
Regional Transportation District,39.72147,-104.84714,278,1
Regional Transportation District,39.59487,-104.86564,170,1
Regional Transportation District,39.6232,-104.98814,245,1
Regional Transportation District,39.60854,-104.98823,370,1
Regional Transportation District,39.64758,-104.8291,224,1
Regional Transportation District,39.6597,-104.99716,131,1
Regional Transportation District,39.6967,-104.85465,167,1
Regional Transportation District,39.69647,-104.85384,167,1
Regional Transportation District,39.58837,-104.9604,131,1
Regional Transportation District,39.61222,-104.75623,120,1
Regional Transportation District,39.61242,-104.75589,122,1
Regional Transportation District,39.71177,-104.79102,155,1
Regional Transportation District,39.70692,-104.79082,155,1
Regional Transportation District,39.71629,-104.79132,155,1
Regional Transportation District,39.71077,-104.79132,155,1
Regional Transportation District,39.6218,-105.02687,109,1
Regional Transportation District,39.66813,-104.81464,224,1
Regional Transportation District,39.65311,-104.98492,259,1
Regional Transportation District,39.65571,-104.99361,955,2
Regional Transportation District,39.65424,-104.95955,95,1
Regional Transportation District,39.58492,-104.96044,131,1
Regional Transportation District,39.65451,-104.95939,89,1
Regional Transportation District,39.58598,-104.96014,125,1
Regional Transportation District,39.65486,-104.99511,72,1
Regional Transportation District,39.65493,-104.9951,72,1
Regional Transportation District,39.65392,-104.9748,72,1
Regional Transportation District,39.65484,-104.99279,72,1
Regional Transportation District,39.65497,-104.99277,72,1
Regional Transportation District,39.59523,-104.96728,135,1
Regional Transportation District,39.73975,-104.82692,420,1
Regional Transportation District,39.73446,-104.82369,420,1
Regional Transportation District,39.73538,-104.8235,420,1
Regional Transportation District,39.71895,-104.82588,420,1
Regional Transportation District,39.71978,-104.82549,420,1
Regional Transportation District,39.70843,-104.81914,420,1
Regional Transportation District,39.70052,-104.94051,316,1
Regional Transportation District,39.72887,-104.84535,176,1
Regional Transportation District,39.72884,-104.84594,179,1
Regional Transportation District,39.71662,-104.79242,14,1
Regional Transportation District,39.67487,-104.87909,241,1
Regional Transportation District,39.68214,-104.76257,22,1
Regional Transportation District,39.69669,-104.86063,167,1
Regional Transportation District,39.61022,-105.01772,300,1
Regional Transportation District,39.59488,-104.87001,170,1
Regional Transportation District,39.733,-104.83406,176,1
Regional Transportation District,39.72846,-104.84382,176,1
Regional Transportation District,39.64235,-105.02609,126,1
Regional Transportation District,39.73441,-104.8288,176,1
Regional Transportation District,39.65624,-104.99935,235,1
Regional Transportation District,39.65613,-104.9994,127,1
Regional Transportation District,39.65576,-104.99955,577,2
Regional Transportation District,39.65532,-104.99959,131,1
Regional Transportation District,39.65582,-104.99952,322,1
Regional Transportation District,39.56994,-104.96059,95,1
Regional Transportation District,39.63228,-104.75603,90,1
Regional Transportation District,39.63158,-104.75539,90,1
Regional Transportation District,39.58897,-104.96512,171,1
Regional Transportation District,39.58894,-104.96109,171,1
Regional Transportation District,39.58881,-104.96283,122,1
Regional Transportation District,39.58883,-104.96443,122,1
Regional Transportation District,39.57364,-104.99438,23,1
Regional Transportation District,39.57338,-104.99362,24,1
Regional Transportation District,39.70235,-104.94051,316,1
Regional Transportation District,39.7038,-104.79078,155,1
Regional Transportation District,39.73132,-104.83744,179,1
Regional Transportation District,39.72971,-104.84098,179,1
Regional Transportation District,39.72861,-104.84335,179,1
Regional Transportation District,39.72542,-104.80742,26,1
Regional Transportation District,39.69672,-104.84179,167,1
Regional Transportation District,39.69647,-104.89199,168,1
Regional Transportation District,39.69649,-104.79969,222,1
Regional Transportation District,39.62468,-104.8217,16,1
Regional Transportation District,39.61535,-104.74323,90,1
Regional Transportation District,39.69343,-104.89433,244,1
Regional Transportation District,39.61947,-104.7386,90,1
Regional Transportation District,39.61139,-105.0163,126,1
Regional Transportation District,39.63193,-104.82631,16,1
Regional Transportation District,39.72503,-104.84307,278,1
Regional Transportation District,39.57057,-104.98865,257,1
Regional Transportation District,39.63668,-104.76339,90,1
Regional Transportation District,39.57114,-104.98835,243,1
Regional Transportation District,39.74005,-104.78314,385,1
Regional Transportation District,39.62732,-104.75419,90,1
Regional Transportation District,39.62693,-104.82294,16,1
Regional Transportation District,39.62726,-105.02559,105,1
Regional Transportation District,39.69165,-104.86608,318,1
Regional Transportation District,39.63724,-104.95978,95,1
Regional Transportation District,39.63723,-104.95956,89,1
Regional Transportation District,39.63404,-104.95981,95,1
Regional Transportation District,39.60885,-104.96015,95,1
Regional Transportation District,39.60887,-104.95986,89,1
Regional Transportation District,39.73302,-104.84789,31,1
Regional Transportation District,39.73296,-104.85132,31,1
Regional Transportation District,39.71752,-104.79889,14,1
Regional Transportation District,39.60946,-105.0366,195,1
Regional Transportation District,39.71577,-104.86583,329,1
Regional Transportation District,39.63431,-104.81559,120,1
Regional Transportation District,39.72901,-104.86598,318,1
Regional Transportation District,39.63815,-104.82247,120,1
Regional Transportation District,39.66122,-104.86617,359,1
Regional Transportation District,39.69668,-104.8642,167,1
Regional Transportation District,39.69299,-104.77612,229,1
Regional Transportation District,39.69312,-104.77506,232,1
Regional Transportation District,39.63026,-104.8039,120,1
Regional Transportation District,39.62799,-104.79659,138,1
Regional Transportation District,39.62949,-104.80092,122,1
Regional Transportation District,39.67528,-104.90229,218,1
Regional Transportation District,39.71105,-104.83624,105,1
Regional Transportation District,39.73535,-104.81014,249,1
Regional Transportation District,39.67871,-104.80977,234,1
Regional Transportation District,39.73962,-104.81019,249,1
Regional Transportation District,39.68962,-104.80974,234,1
Regional Transportation District,39.67813,-104.81007,235,1
Regional Transportation District,39.68896,-104.81002,235,1
Regional Transportation District,39.73604,-104.80987,248,1
Regional Transportation District,39.57363,-105.00118,23,1
Regional Transportation District,39.65308,-104.97791,187,1
Regional Transportation District,39.65295,-104.93481,271,1
Regional Transportation District,39.59796,-105.01097,36,1
Regional Transportation District,39.7329,-104.88034,31,1
Regional Transportation District,39.74006,-104.79582,230,1
Regional Transportation District,39.72544,-104.80957,26,1
Regional Transportation District,39.72545,-104.81452,26,1
Regional Transportation District,39.72246,-104.82815,176,1
Regional Transportation District,39.66559,-104.84743,507,1
Regional Transportation District,39.71155,-104.84732,263,1
Regional Transportation District,39.71635,-104.84716,278,1
Regional Transportation District,39.62152,-104.98818,245,1
Regional Transportation District,39.69647,-104.81868,222,1
Regional Transportation District,39.6279,-104.9878,232,1
Regional Transportation District,39.71551,-104.84733,263,1
Regional Transportation District,39.69647,-104.89572,168,1
Regional Transportation District,39.71104,-104.82772,105,1
Regional Transportation District,39.71129,-104.84757,106,1
Regional Transportation District,39.65305,-104.9615,30,1
Regional Transportation District,39.60846,-104.79169,139,1
Regional Transportation District,39.60453,-104.78729,139,1
Regional Transportation District,39.60144,-104.78781,139,1
Regional Transportation District,39.59836,-104.78771,139,1
Regional Transportation District,39.59898,-104.78762,140,1
Regional Transportation District,39.6027,-104.78696,140,1
Regional Transportation District,39.71821,-104.84734,263,1
Regional Transportation District,39.70662,-104.79152,239,1
Regional Transportation District,39.58022,-104.98857,269,1
Regional Transportation District,39.58031,-104.98822,256,1
Regional Transportation District,39.68613,-104.79085,379,1
Regional Transportation District,39.57987,-105.0252,693,2
Regional Transportation District,39.61176,-105.01506,693,2
Regional Transportation District,39.64255,-105.00497,693,2
Regional Transportation District,39.65529,-105.00006,693,2
Regional Transportation District,39.62351,-104.96,95,1
Regional Transportation District,39.59608,-104.95919,89,1
Regional Transportation District,39.62494,-104.95967,89,1
Regional Transportation District,39.5941,-104.96032,266,1
Regional Transportation District,39.70944,-104.93287,277,1
Regional Transportation District,39.58072,-104.96551,36,1
Regional Transportation District,39.58071,-104.96995,36,1
Regional Transportation District,39.67101,-104.84709,278,1
Regional Transportation District,39.58053,-104.9719,36,1
Regional Transportation District,39.69188,-104.79089,379,1
Regional Transportation District,39.72599,-104.79102,155,1
Regional Transportation District,39.70874,-104.81048,502,1
Regional Transportation District,39.68168,-104.86606,318,1
Regional Transportation District,39.68234,-104.86575,329,1
Regional Transportation District,39.67419,-104.86612,318,1
Regional Transportation District,39.68514,-104.86607,318,1
Regional Transportation District,39.68622,-104.86577,329,1
Regional Transportation District,39.69986,-104.86612,318,1
Regional Transportation District,39.70055,-104.86582,329,1
Regional Transportation District,39.69613,-104.86617,318,1
Regional Transportation District,39.69718,-104.86581,329,1
Regional Transportation District,39.59487,-104.87583,170,1
Regional Transportation District,39.63809,-104.82913,14,1
Regional Transportation District,39.6402,-104.82868,228,1
Regional Transportation District,39.65314,-104.76841,229,1
Regional Transportation District,39.65289,-104.76742,232,1
Regional Transportation District,39.64267,-104.98762,232,1
Regional Transportation District,39.66564,-104.81012,235,1
Regional Transportation District,39.69822,-104.81907,442,1
Regional Transportation District,39.61671,-104.7405,90,1
Regional Transportation District,39.6219,-104.73843,90,1
Regional Transportation District,39.62197,-104.73874,90,1
Regional Transportation District,39.61601,-104.74234,90,1
Regional Transportation District,39.6188,-104.73883,90,1
Regional Transportation District,39.72582,-104.84797,443,1
Regional Transportation District,39.6768,-104.87354,244,1
Regional Transportation District,39.68054,-104.8859,30,1
Regional Transportation District,39.68044,-104.88599,30,1
Regional Transportation District,39.67938,-104.87535,244,1
Regional Transportation District,39.62735,-104.73876,90,1
Regional Transportation District,39.62715,-104.73872,90,1
Regional Transportation District,39.69976,-104.8473,263,1
Regional Transportation District,39.74007,-104.80012,230,1
Regional Transportation District,39.67877,-104.77849,22,1
Regional Transportation District,39.61095,-105.01576,122,1
Regional Transportation District,39.67865,-104.77843,22,1
Regional Transportation District,39.6608,-104.80981,234,1
Regional Transportation District,39.69962,-104.84706,278,1
Regional Transportation District,39.68903,-104.84729,263,1
Regional Transportation District,39.68958,-104.8471,278,1
Regional Transportation District,39.70223,-104.84727,263,1
Regional Transportation District,39.68254,-104.84712,278,1
Regional Transportation District,39.67444,-104.84741,263,1
Regional Transportation District,39.67518,-104.84708,278,1
Regional Transportation District,39.6924,-104.84708,278,1
Regional Transportation District,39.68179,-104.84742,263,1
Regional Transportation District,39.73104,-104.83832,176,1
Regional Transportation District,39.67497,-104.82358,211,1
Regional Transportation District,39.66858,-104.77263,229,1
Regional Transportation District,39.67193,-104.77262,229,1
Regional Transportation District,39.66423,-104.76768,229,1
Regional Transportation District,39.66552,-104.7713,229,1
Regional Transportation District,39.65754,-104.76491,229,1
Regional Transportation District,39.66147,-104.76484,229,1
Regional Transportation District,39.72267,-104.80656,25,1
Regional Transportation District,39.60411,-104.95996,89,1
Regional Transportation District,39.72968,-104.81842,344,1
Regional Transportation District,39.59079,-104.96037,266,1
Regional Transportation District,39.60579,-104.96017,95,1
Regional Transportation District,39.59765,-104.9576,89,1
Regional Transportation District,39.72946,-104.81838,351,1
Regional Transportation District,39.73352,-104.81931,344,1
Regional Transportation District,39.71105,-104.832,105,1
Regional Transportation District,39.71128,-104.83267,106,1
Regional Transportation District,39.68628,-104.87519,244,1
Regional Transportation District,39.59629,-104.88904,120,1
Regional Transportation District,39.6788,-104.8752,244,1
Regional Transportation District,39.68232,-104.87517,244,1
Regional Transportation District,39.68537,-104.87536,244,1
Regional Transportation District,39.68296,-104.87532,244,1
Regional Transportation District,39.68921,-104.88268,244,1
Regional Transportation District,39.6892,-104.87562,244,1
Regional Transportation District,39.68938,-104.88267,244,1
Regional Transportation District,39.68938,-104.88532,244,1
Regional Transportation District,39.67472,-104.82355,240,1
Regional Transportation District,39.66042,-104.86415,54,1
Regional Transportation District,39.66044,-105.01845,131,1
Regional Transportation District,39.5807,-104.97315,36,1
Regional Transportation District,39.64312,-104.87767,1005,2
Regional Transportation District,39.63944,-104.79163,245,1
Regional Transportation District,39.66622,-104.80979,456,1
Regional Transportation District,39.66393,-104.8098,234,1
Regional Transportation District,39.63862,-104.79202,90,1
Regional Transportation District,39.64812,-104.8099,234,1
Regional Transportation District,39.64486,-104.80998,234,1
Regional Transportation District,39.6424,-104.81002,234,1
Regional Transportation District,39.56648,-105.03111,22,1
Regional Transportation District,39.66006,-104.98775,402,1
Regional Transportation District,39.65775,-104.8466,48,1
Regional Transportation District,39.65783,-104.84643,299,1
Regional Transportation District,39.65762,-104.84609,422,1
Regional Transportation District,39.65791,-104.8463,541,1
Regional Transportation District,39.65801,-104.84614,548,1
Regional Transportation District,39.65789,-104.84561,446,1
Regional Transportation District,39.65772,-104.84591,461,1
Regional Transportation District,39.63093,-104.79135,155,1
Regional Transportation District,39.64421,-104.81027,235,1
Regional Transportation District,39.64814,-104.81019,235,1
Regional Transportation District,39.65755,-104.84628,30,1
Regional Transportation District,39.66768,-104.82218,222,1
Regional Transportation District,39.74005,-104.86194,513,1
Regional Transportation District,39.73999,-104.80571,230,1
Regional Transportation District,39.59518,-104.85795,177,1
Regional Transportation District,39.59519,-104.84874,177,1
Regional Transportation District,39.59521,-104.8653,177,1
Regional Transportation District,39.5948,-104.82017,170,1
Regional Transportation District,39.70576,-104.84728,263,1
Regional Transportation District,39.70643,-104.84713,278,1
Regional Transportation District,39.70926,-104.79096,155,1
Regional Transportation District,39.67469,-104.84989,218,1
Regional Transportation District,39.67471,-104.85622,218,1
Regional Transportation District,39.67487,-104.85693,211,1
Regional Transportation District,39.67466,-104.86533,218,1
Regional Transportation District,39.67468,-104.86291,218,1
Regional Transportation District,39.67486,-104.86223,211,1
Regional Transportation District,39.71438,-104.81923,344,1
Regional Transportation District,39.71423,-104.81949,351,1
Regional Transportation District,39.63724,-104.82104,122,1
Regional Transportation District,39.6532,-104.81076,229,1
Regional Transportation District,39.57833,-105.02167,23,1
Regional Transportation District,39.59492,-104.89752,122,1
Regional Transportation District,39.66787,-104.79088,379,1
Regional Transportation District,39.67472,-104.80667,22,1
Regional Transportation District,39.67391,-104.80195,22,1
Regional Transportation District,39.69167,-104.81935,211,1
Regional Transportation District,39.58095,-105.0261,47,1
Regional Transportation District,39.71066,-104.81948,628,2
Regional Transportation District,39.71162,-104.81921,344,1
Regional Transportation District,39.72227,-104.81926,344,1
Regional Transportation District,39.72163,-104.81957,351,1
Regional Transportation District,39.7253,-104.81927,344,1
Regional Transportation District,39.72511,-104.8196,351,1
Regional Transportation District,39.58866,-104.98846,269,1
Regional Transportation District,39.71851,-104.86582,329,1
Regional Transportation District,39.61256,-105.02709,300,1
Regional Transportation District,39.61189,-105.0294,197,1
Regional Transportation District,39.60959,-105.05115,91,1
Regional Transportation District,39.63838,-104.80403,90,1
Regional Transportation District,39.61334,-105.01228,126,1
Regional Transportation District,39.61314,-105.01098,127,1
Regional Transportation District,39.61313,-105.00637,127,1
Regional Transportation District,39.62645,-104.75326,90,1
Regional Transportation District,39.62721,-104.74956,90,1
Regional Transportation District,39.62666,-104.75308,90,1
Regional Transportation District,39.62691,-104.74638,90,1
Regional Transportation District,39.66066,-104.95955,95,1
Regional Transportation District,39.6003,-104.88856,1132,2
Regional Transportation District,39.58128,-104.96018,125,1
Regional Transportation District,39.60662,-104.95993,89,1
Regional Transportation District,39.68992,-104.8281,0,0
Regional Transportation District,39.70907,-104.81842,0,0
Regional Transportation District,39.67351,-104.82604,0,0
Regional Transportation District,39.72553,-104.7815,8,1
Regional Transportation District,39.64319,-104.7837,90,1
Regional Transportation District,39.70615,-104.78701,6,1
Regional Transportation District,39.61729,-105.03557,110,1
Regional Transportation District,39.72576,-104.78145,11,1
Regional Transportation District,39.69672,-104.84538,167,1
Regional Transportation District,39.61953,-105.0354,110,1
Regional Transportation District,39.65271,-104.97363,30,1
Regional Transportation District,39.71106,-104.84198,105,1
Regional Transportation District,39.61297,-105.03602,104,1
Regional Transportation District,39.68937,-104.8759,244,1
Regional Transportation District,39.61122,-104.74483,90,1
Regional Transportation District,39.63409,-104.75946,90,1
Regional Transportation District,39.63359,-104.75872,90,1
Regional Transportation District,39.67468,-104.88428,248,1
Regional Transportation District,39.67486,-104.88513,211,1
Regional Transportation District,39.6751,-104.83688,211,1
Regional Transportation District,39.67487,-104.88982,211,1
Regional Transportation District,39.67507,-104.83391,211,1
Regional Transportation District,39.67482,-104.83344,218,1
Regional Transportation District,39.6747,-104.88892,218,1
Regional Transportation District,39.62464,-105.02532,109,1
Regional Transportation District,39.71822,-104.80992,263,1
Regional Transportation District,39.64271,-104.77988,90,1
Regional Transportation District,39.64427,-104.78514,90,1
Regional Transportation District,39.64376,-104.78478,90,1
Regional Transportation District,39.64279,-104.7802,90,1
Regional Transportation District,39.65786,-104.98749,410,1
Regional Transportation District,39.6534,-104.98751,304,1
Regional Transportation District,39.72566,-104.81554,28,1
Regional Transportation District,39.66722,-104.86205,244,1
Regional Transportation District,39.6636,-104.85863,244,1
Regional Transportation District,39.59379,-105.0021,36,1
Regional Transportation District,39.5912,-104.99724,36,1
Regional Transportation District,39.6854,-104.75917,24,1
Regional Transportation District,39.68329,-104.76039,24,1
Regional Transportation District,39.687,-104.76189,24,1
Regional Transportation District,39.69312,-104.77774,229,1
Regional Transportation District,39.72558,-104.85061,179,1
Regional Transportation District,39.6727,-104.82566,44,1
Regional Transportation District,39.69036,-104.82847,1005,2
Regional Transportation District,39.65936,-104.84862,298,1
Regional Transportation District,39.6982,-104.90289,412,1
Regional Transportation District,39.66834,-104.86278,244,1
Regional Transportation District,39.68953,-104.82847,957,2
Regional Transportation District,39.70895,-104.81899,420,1
Regional Transportation District,39.6884,-104.77216,232,1
Regional Transportation District,39.68512,-104.77216,232,1
Regional Transportation District,39.6853,-104.77253,229,1
Regional Transportation District,39.6875,-104.77254,229,1
Regional Transportation District,39.65323,-104.77994,229,1
Regional Transportation District,39.65323,-104.77305,229,1
Regional Transportation District,39.6532,-104.78487,229,1
Regional Transportation District,39.66045,-105.01524,131,1
Regional Transportation District,39.72578,-104.84263,28,1
Regional Transportation District,39.72576,-104.83486,28,1
Regional Transportation District,39.60325,-104.98829,370,1
Regional Transportation District,39.72821,-104.84733,469,1
Regional Transportation District,39.65297,-104.82372,232,1
Regional Transportation District,39.65321,-104.82521,229,1
Regional Transportation District,39.6673,-104.80763,0,0
Regional Transportation District,39.65319,-104.7999,229,1
Regional Transportation District,39.68781,-104.81919,218,1
Regional Transportation District,39.64329,-104.77716,90,1
Regional Transportation District,39.646,-104.78909,90,1
Regional Transportation District,39.64604,-104.77211,90,1
Regional Transportation District,39.64324,-104.77756,90,1
Regional Transportation District,39.64432,-104.77621,90,1
Regional Transportation District,39.64285,-104.78323,90,1
Regional Transportation District,39.64571,-104.78728,90,1
Regional Transportation District,39.64554,-104.78719,90,1
Regional Transportation District,39.64453,-104.7912,245,1
Regional Transportation District,39.64386,-104.79153,245,1
Regional Transportation District,39.64095,-104.79127,245,1
Regional Transportation District,39.60411,-105.01636,36,1
Regional Transportation District,39.60214,-105.01639,36,1
Regional Transportation District,39.61101,-105.0161,127,1
Regional Transportation District,39.64108,-104.79158,245,1
Regional Transportation District,39.60757,-105.01634,36,1
Regional Transportation District,39.67472,-104.82004,22,1
Regional Transportation District,39.6749,-104.87566,241,1
Regional Transportation District,39.70398,-104.81984,167,1
Regional Transportation District,39.57456,-104.98647,36,1
Regional Transportation District,39.57598,-104.9876,36,1
Regional Transportation District,39.63908,-104.7913,245,1
Regional Transportation District,39.63145,-104.80647,122,1
Regional Transportation District,39.59512,-104.78831,139,1
Regional Transportation District,39.59251,-104.81944,170,1
Regional Transportation District,39.64231,-105.0291,126,1
Regional Transportation District,39.64216,-105.02923,123,1
Regional Transportation District,39.64233,-105.01978,126,1
Regional Transportation District,39.64234,-105.02347,126,1
Regional Transportation District,39.65956,-104.99722,127,1
Regional Transportation District,39.64236,-105.00709,126,1
Regional Transportation District,39.63475,-104.79134,155,1
Regional Transportation District,39.68192,-104.88771,30,1
Regional Transportation District,39.70746,-104.93805,110,1
Regional Transportation District,39.65405,-104.97479,72,1
Regional Transportation District,39.68176,-104.88766,30,1
Regional Transportation District,39.61471,-105.03564,110,1
Regional Transportation District,39.74008,-104.83111,513,1
Regional Transportation District,39.61565,-104.79155,140,1
Regional Transportation District,39.73669,-104.79108,155,1
Regional Transportation District,39.61904,-104.77351,122,1
Regional Transportation District,39.61859,-104.9882,245,1
Regional Transportation District,39.69636,-104.87473,168,1
Regional Transportation District,39.69664,-104.87593,168,1
Regional Transportation District,39.72626,-104.81764,351,1
Regional Transportation District,39.69648,-104.84998,167,1
Regional Transportation District,39.69672,-104.84766,167,1
Regional Transportation District,39.69671,-104.81529,224,1
Regional Transportation District,39.70699,-104.79836,239,1
Regional Transportation District,39.70672,-104.79766,235,1
Regional Transportation District,39.66081,-104.91302,168,1
Regional Transportation District,39.69645,-104.88782,168,1
Regional Transportation District,39.63423,-104.79163,155,1
Regional Transportation District,39.63668,-104.79163,155,1
Regional Transportation District,39.62676,-105.03485,110,1
Regional Transportation District,39.6748,-104.84204,218,1
Regional Transportation District,39.59778,-104.7062,122,1
Regional Transportation District,39.6267,-104.74458,90,1
Regional Transportation District,39.56622,-104.88659,96,1
Regional Transportation District,39.61442,-104.74445,90,1
Regional Transportation District,39.60925,-104.74921,120,1
Regional Transportation District,39.61535,-104.76473,120,1
Regional Transportation District,39.61432,-104.74427,90,1
Regional Transportation District,39.67355,-104.7957,22,1
Regional Transportation District,39.61888,-104.77373,120,1
Regional Transportation District,39.62031,-104.77731,120,1
Regional Transportation District,39.7085,-104.80935,235,1
Regional Transportation District,39.61457,-104.76056,120,1
Regional Transportation District,39.61473,-104.76021,122,1
Regional Transportation District,39.69623,-104.77789,229,1
Regional Transportation District,39.6853,-104.79116,377,1
Regional Transportation District,39.65295,-104.80672,232,1
Regional Transportation District,39.59338,-105.00187,36,1
Regional Transportation District,39.64912,-104.98783,245,1
Regional Transportation District,39.65004,-104.98753,232,1
Regional Transportation District,39.67365,-104.82647,1005,2
Regional Transportation District,39.67297,-104.82723,957,2
Regional Transportation District,39.63178,-104.98776,232,1
Regional Transportation District,39.63102,-104.98804,245,1
Regional Transportation District,39.56696,-104.96062,95,1
Regional Transportation District,39.67856,-105.01065,156,1
Regional Transportation District,39.71884,-104.84717,278,1
Regional Transportation District,39.64617,-104.98758,232,1
Regional Transportation District,39.60892,-105.01872,253,1
Regional Transportation District,39.65321,-104.97751,267,1
Regional Transportation District,39.61318,-105.03577,110,1
Regional Transportation District,39.62724,-105.03497,104,1
Regional Transportation District,39.64917,-105.03459,236,1
Regional Transportation District,39.65102,-105.03455,110,1
Regional Transportation District,39.65029,-105.02515,109,1
Regional Transportation District,39.65059,-105.02537,105,1
Regional Transportation District,39.59082,-104.96573,0,0
